Nome: DESKTOP-COEI5A4;  Ultimo accesso: 2023-02-07 21:00:22;  Event category: 13824
Nome: DESKTOP-COEI5A4;  Ultimo accesso: 2023-02-07 21:00:22;  Event category: 13824
Nome: DESKTOP-COEI5A4;  Ultimo accesso: 2023-02-07 21:00:21;  Event category: 13824
Nome: DESKTOP-COEI5A4;  Ultimo accesso: 2023-02-07 21:00:21;  Event category: 13824
Nome: DESKTOP-COEI5A4;  Ultimo accesso: 2023-02-07 21:00:21;  Event category: 13824
Nome: DESKTOP-COEI5A4;  Ultimo accesso: 2023-02-07 21:00:21;  Event category: 13824
Nome: DESKTOP-COEI5A4;  Ultimo accesso: 2023-02-07 21:00:21;  Event category: 13824
Nome: DESKTOP-COEI5A4;  Ultimo accesso: 2023-02-07 21:00:21;  Event category: 13824
Nome: DESKTOP-COEI5A4;  Ultimo accesso: 2023-02-07 21:02:19;  Event category: 13824
Nome: DESKTOP-COEI5A4;  Ultimo accesso: 2023-02-07 21:00:22;  Event category: 13824
Nome: DESKTOP-COEI5A4;  Ultimo accesso: 2023-02-07 21:00:22;  Event category: 13824
Nome: DESKTOP-COEI5A4;  Ultimo accesso: 2023-02-07 21:00:21;  Event category: 13824
Nome: DESKTOP-COEI5A4;  Ultimo accesso: 2023-02-07 21:00:21;  Event category: 13824
Nome: DESKTOP-COEI5A4;  Ultimo accesso: 2023-02-07 21:00:21;  Event category: 13824
Nome: DESKTOP-COEI5A4;  Ultimo accesso: 2023-02-07 21:00:21;  Event category: 13824
Nome: DESKTOP-COEI5A4;  Ultimo accesso: 2023-02-07 21:00:21;  Event category: 13824
Nome: DESKTOP-COEI5A4;  Ultimo accesso: 2023-02-09 09:51:33;  Event category: 13824
Nome: DESKTOP-COEI5A4;  Ultimo accesso: 2023-02-09 09:51:33;  Event category: 13824
Nome: DESKTOP-COEI5A4;  Ultimo accesso: 2023-02-09 09:51:32;  Event category: 13824
Nome: DESKTOP-COEI5A4;  Ultimo accesso: 2023-02-09 09:51:32;  Event category: 13824
Nome: DESKTOP-COEI5A4;  Ultimo accesso: 2023-02-09 09:51:32;  Event category: 13824
Nome: DESKTOP-COEI5A4;  Ultimo accesso: 2023-02-09 09:51:32;  Event category: 13824
Nome: DESKTOP-COEI5A4;  Ultimo accesso: 2023-02-09 09:51:32;  Event category: 13824
